course_id,course_name,category,duration_hours
201,Python Basics,Programming,40
202,SQL Fundamentals,Database,35
203,Data Engineering,Data,50
204,Power BI Essentials,Analytics,30
205,Cloud Fundamentals,Cloud,45
206,Python Basics,Programming,40
207,SQL Fundamentals,Database,35
208,Data Engineering,Data,50
209,Power BI Essentials,Analytics,30
210,Cloud Fundamentals,Cloud,45
211,Data Engineering,Data,50
212,Python Basics,Programming,40
213,SQL Fundamentals,Database,35
214,Data Engineering,Data,50
215,Data Engineering,Data,50
216,Cloud Fundamentals,Cloud,45
217,Data Engineering,Data,50